saldo_corrente,duracao_emp_meses,historico_credito,quantia_real,saldo_poupanca,tempo_empregado,porcentagem_renda,anos_residencia,idade,qtd_emprestimos_existentes,dependentes,telefone,motivo_educacao,motivo_moveis/eletrodomesticos,motivo_negocios,motivo_renovacao,outro_credito_loja,outro_credito_nenhum,residencia_outros,residencia_propria,emprego_gerencial,emprego_nao-qualificado,emprego_qualificado
3,4.0,1,9581.18,-1,5,4.0,4.0,49,2,1,1,0,1,0,0,1,0,0,1,0,1,0
1,4.0,1,3063.57,-1,5,4.0,4.0,67,2,1,2,0,1,0,0,0,1,0,1,0,0,1
2,2.0,1,20331.2,4,5,2.0,4.0,29,1,1,1,0,0,0,0,0,1,0,0,0,0,1
-1,4.0,3,3372.8,-1,5,4.0,2.0,45,1,1,1,0,0,0,0,0,1,0,1,0,1,0
-1,4.0,1,5084.13,4,5,4.0,4.0,60,1,1,2,0,0,0,0,0,1,0,1,0,0,1
1,4.0,4,7411.26,3,3,4.0,4.0,22,1,1,2,0,1,0,0,1,0,0,1,0,0,1
1,4.0,1,3755.42,1,3,4.0,3.0,25,2,1,1,0,1,0,0,0,1,0,0,0,0,1
-1,1.0,3,21313.99,1,3,1.0,2.0,30,1,1,1,0,0,0,0,0,0,0,1,0,0,1
1,4.0,3,4827.29,1,2,4.0,4.0,34,1,1,2,0,0,0,0,0,1,0,1,0,0,1
-1,3.0,3,5610.89,2,4,3.0,1.0,35,1,1,1,0,1,0,0,0,1,0,1,0,0,1
-1,1.0,3,19374.67,1,3,1.0,4.0,43,1,2,1,0,0,0,0,0,1,0,1,0,1,0
-1,3.0,1,11861.2,1,3,3.0,2.0,74,1,1,2,0,0,1,0,0,1,0,1,1,0,0
2,4.0,3,37522.88,1,5,4.0,2.0,57,1,1,2,0,0,0,0,0,1,1,0,1,0,0
-1,4.0,3,5144.41,1,4,4.0,2.0,31,2,2,2,0,1,0,0,0,1,0,0,1,0,0
2,1.0,1,9478.98,1,5,1.0,4.0,28,3,1,2,0,1,0,0,0,1,0,0,0,0,1
-1,4.0,1,7188.5,1,5,4.0,2.0,29,2,1,1,0,1,0,0,0,1,0,1,0,0,1
1,2.0,3,2901.09,1,3,2.0,2.0,20,1,2,2,0,1,0,0,0,1,0,0,1,0,0
1,4.0,1,4905.92,1,1,4.0,4.0,36,3,1,2,0,1,0,0,0,1,1,0,1,0,0
2,1.0,4,2439.84,2,2,1.0,1.0,32,1,1,1,0,0,0,0,1,0,0,1,0,1,0
2,4.0,1,7390.3,1,2,4.0,4.0,27,2,1,1,0,0,0,0,0,1,0,1,0,0,1
1,4.0,3,3218.21,1,3,4.0,2.0,24,1,1,1,0,0,0,0,0,1,0,1,0,1,0
1,4.0,3,8766.16,1,5,4.0,2.0,39,1,1,2,0,1,0,0,0,1,0,0,1,0,0
2,2.0,3,9725.31,-1,3,2.0,2.0,27,1,1,1,1,0,0,0,0,1,0,1,0,0,1
-1,4.0,1,10592.77,3,3,4.0,4.0,36,2,1,2,0,1,0,0,0,1,0,1,0,0,1
-1,2.0,1,3813.09,1,4,2.0,1.0,42,3,2,1,0,0,0,0,0,1,0,1,0,1,0
-1,4.0,3,6488.8,-1,5,4.0,4.0,46,1,1,2,0,0,0,0,0,1,0,1,1,0,0
-1,3.0,1,8826.44,4,5,3.0,4.0,23,2,1,2,0,0,0,0,0,1,0,0,0,0,1
-1,4.0,3,3435.69,2,4,4.0,3.0,26,1,1,2,0,1,0,0,0,1,0,1,0,0,1
3,4.0,1,2046.75,1,5,4.0,4.0,63,2,1,2,0,0,0,0,0,1,1,0,0,0,1
-1,2.0,2,20121.57,3,4,2.0,4.0,40,2,1,2,0,1,0,0,0,1,0,1,0,0,1
1,4.0,1,5558.46,1,3,4.0,2.0,30,2,1,1,0,0,0,0,0,1,0,1,0,0,1
1,4.0,3,3600.84,-1,1,4.0,3.0,75,1,1,2,0,0,0,0,0,1,0,1,1,0,0
-1,2.0,3,3239.17,3,3,2.0,4.0,50,1,1,1,0,0,0,0,0,1,0,0,0,0,1
-1,1.0,4,9458.01,1,3,1.0,1.0,27,1,1,1,0,0,1,0,1,0,0,1,0,0,1
3,2.0,3,2950.86,2,5,2.0,4.0,49,1,1,1,0,1,0,0,0,1,0,1,0,0,1
3,4.0,3,3608.68,2,5,4.0,2.0,47,1,1,2,0,1,0,0,0,1,1,0,0,0,1
3,2.0,1,3341.38,4,3,2.0,4.0,36,2,1,2,0,0,1,0,0,1,0,1,0,0,1
-1,4.0,1,8760.93,1,3,4.0,2.0,28,1,1,2,0,1,0,0,0,1,1,0,0,0,1
-1,4.0,3,3349.22,1,5,4.0,1.0,36,1,1,2,0,1,0,0,0,1,0,1,1,0,0
-1,4.0,1,3047.84,3,3,4.0,4.0,44,1,1,2,0,0,0,0,0,1,0,1,0,0,1
-1,2.0,3,5689.47,1,2,2.0,2.0,29,1,1,1,0,1,0,0,0,0,0,1,0,0,1
1,4.0,1,2982.33,1,3,4.0,4.0,25,2,1,1,0,1,0,0,0,1,0,1,0,1,0
-1,4.0,3,4767.01,1,3,4.0,4.0,37,1,1,2,1,0,0,0,1,0,1,0,0,0,1
-1,2.0,5,24728.71,-1,3,2.0,2.0,39,1,2,1,0,0,0,0,0,1,0,1,0,1,0
1,2.0,1,17335.8,1,1,2.0,4.0,75,2,1,2,0,0,0,0,0,1,1,0,1,0,0
1,4.0,3,3359.73,2,3,4.0,2.0,32,1,1,1,0,1,0,0,0,1,0,1,0,1,0
2,2.0,1,15050.56,1,2,2.0,4.0,24,2,1,2,1,0,0,0,0,1,1,0,0,0,1
1,3.0,3,3152.65,2,5,3.0,2.0,43,1,1,2,0,0,0,0,0,1,0,1,0,0,1
-1,4.0,3,10257.35,-1,3,4.0,2.0,38,1,1,1,0,0,1,0,0,0,0,1,0,0,1
-1,3.0,3,2885.35,1,3,3.0,2.0,27,2,1,2,0,0,0,0,0,1,0,1,0,0,1
1,3.0,3,1734.91,1,2,3.0,4.0,41,1,2,2,0,0,0,0,0,1,0,1,0,1,0
1,2.0,3,7107.26,1,5,2.0,2.0,41,1,2,1,0,1,0,0,0,0,0,1,0,0,1
1,2.0,3,3307.29,-1,5,2.0,4.0,49,1,1,2,0,1,0,0,0,1,0,1,0,1,0
1,4.0,3,16641.29,-1,5,4.0,4.0,31,1,1,1,0,1,0,0,0,1,0,1,0,0,1
-1,4.0,1,7033.91,1,3,4.0,2.0,35,2,1,1,0,1,0,0,0,1,0,1,0,1,0
-1,1.0,1,19906.65,-1,5,1.0,4.0,63,2,1,1,0,0,0,0,0,1,0,1,0,0,1
2,4.0,3,2190.89,2,2,4.0,2.0,23,1,1,1,0,0,0,0,0,0,0,1,0,1,0
3,2.0,3,8907.68,-1,5,2.0,3.0,37,1,1,1,0,1,0,0,0,1,0,1,1,0,0
2,1.0,3,7238.32,-1,5,1.0,2.0,25,1,1,2,0,1,0,0,0,0,0,1,0,0,1
-1,4.0,1,3260.14,-1,5,4.0,4.0,41,2,1,1,1,0,0,0,0,1,0,0,0,1,0
1,2.0,4,6093.06,2,4,2.0,3.0,32,1,1,1,0,0,0,0,0,0,0,1,0,0,1
1,4.0,3,10390.98,1,2,4.0,3.0,34,1,1,1,0,1,0,0,0,1,0,1,0,0,1
-1,3.0,3,1134.76,1,1,3.0,4.0,22,1,1,1,0,1,0,0,0,1,0,0,0,0,1
2,4.0,4,1134.76,4,2,4.0,2.0,24,1,2,1,1,0,0,0,0,0,0,0,0,0,1
1,4.0,3,3144.81,-1,3,4.0,4.0,23,1,1,2,1,0,0,0,0,0,0,0,0,0,1
-1,2.0,3,7096.8,1,2,2.0,3.0,27,2,1,1,0,1,0,0,0,0,0,1,0,1,0
2,1.0,1,8187.02,1,2,1.0,3.0,49,2,2,1,0,0,0,0,0,0,0,1,0,1,0
1,4.0,1,37158.6,-1,4,4.0,4.0,30,2,1,2,0,1,0,0,0,1,0,1,1,0,0
-1,4.0,1,20585.43,1,3,4.0,2.0,25,2,1,2,0,0,0,0,1,0,0,1,0,0,1
2,3.0,2,3962.45,4,3,3.0,3.0,61,2,1,1,0,0,0,1,1,0,0,1,0,0,1
-1,2.0,2,7243.55,1,3,2.0,2.0,26,2,1,2,0,0,1,0,0,1,0,1,0,0,1
1,2.0,1,3118.62,1,1,2.0,4.0,55,3,2,1,0,0,0,1,0,1,1,0,0,0,0
1,4.0,3,1941.94,2,1,4.0,3.0,22,1,1,1,0,1,0,0,0,1,0,1,0,0,1
1,4.0,3,3163.16,1,2,4.0,4.0,24,1,1,1,0,0,0,0,0,1,0,0,0,0,1
-1,2.0,1,23213.94,-1,4,2.0,1.0,35,2,1,2,0,0,0,0,0,1,1,0,0,0,1
2,3.0,1,9408.24,1,1,3.0,3.0,40,3,2,2,0,0,1,0,0,1,0,1,0,0,0
-1,2.0,2,22571.91,4,3,2.0,2.0,27,2,1,1,0,0,0,0,0,1,0,1,0,0,1
2,4.0,3,5314.73,-1,3,4.0,2.0,30,1,1,1,0,0,0,0,0,1,0,1,0,0,1
-1,4.0,3,4017.5,1,2,4.0,1.0,43,1,2,1,0,1,0,0,0,1,0,1,0,1,0
-1,2.0,1,7272.36,1,4,2.0,2.0,31,2,1,1,0,0,0,0,0,0,0,1,0,0,1
-1,2.0,3,27165.94,1,5,2.0,4.0,42,1,1,2,0,0,0,0,0,1,0,1,1,0,0
2,4.0,1,5715.71,-1,5,4.0,4.0,36,2,1,1,0,0,0,0,0,1,0,1,0,0,1
1,2.0,3,14395.4,1,5,2.0,4.0,42,1,2,1,0,0,0,0,0,1,1,0,0,0,1
2,4.0,1,3262.75,1,3,4.0,2.0,33,1,1,1,0,1,0,0,0,1,0,1,0,0,1
1,4.0,1,3999.15,1,5,4.0,4.0,66,2,1,1,0,0,0,0,0,1,1,0,1,0,0
3,2.0,3,5545.34,1,3,2.0,2.0,41,1,1,2,0,1,0,0,0,1,0,1,0,0,1
1,2.0,3,6753.49,1,3,2.0,1.0,42,1,1,1,0,1,0,0,0,1,0,1,0,0,1
2,2.0,3,5550.61,1,3,2.0,2.0,37,1,2,1,0,1,0,0,0,1,0,1,0,1,0
1,1.0,1,11219.12,3,3,1.0,4.0,23,2,1,1,0,1,0,0,0,1,0,1,0,0,1
1,4.0,1,1810.87,1,5,4.0,3.0,35,2,1,1,0,0,0,0,0,1,0,1,0,0,1
1,4.0,4,1640.55,1,3,4.0,4.0,24,1,1,1,0,1,0,0,0,0,0,1,0,1,0
2,2.0,3,15372.9,2,3,2.0,2.0,30,2,1,2,0,0,0,0,0,1,0,1,0,0,1
2,4.0,3,3427.85,1,5,4.0,4.0,38,2,1,1,0,0,0,1,0,1,0,1,0,1,0
2,2.0,1,9570.73,1,4,2.0,3.0,27,2,1,1,0,0,1,0,0,1,0,1,0,0,1
-1,4.0,3,4119.7,4,5,4.0,4.0,36,1,1,1,0,0,1,0,0,0,0,1,0,1,0
3,3.0,4,1071.87,4,3,3.0,3.0,42,2,1,1,0,1,0,0,0,1,0,0,0,0,1
2,4.0,3,2007.44,3,3,4.0,3.0,66,1,1,1,0,1,0,0,0,1,0,1,0,1,0
2,2.0,3,9203.83,2,4,2.0,3.0,38,2,1,2,0,0,0,0,0,0,0,1,0,0,1
1,4.0,3,1174.07,1,2,4.0,4.0,23,1,1,1,1,0,0,0,0,1,0,1,0,0,1
-1,3.0,1,3226.05,1,5,3.0,4.0,32,2,2,1,0,0,0,0,0,1,0,1,0,1,0
2,1.0,2,16780.19,1,2,1.0,2.0,33,1,1,1,0,1,0,0,0,1,0,1,0,0,1
3,2.0,3,4929.49,1,3,2.0,2.0,44,1,1,2,0,1,0,0,0,1,0,0,0,1,0
1,4.0,1,5857.23,1,3,4.0,2.0,33,2,1,1,0,0,0,0,0,0,0,0,0,0,1
1,4.0,3,6391.83,1,2,4.0,4.0,35,1,1,2,0,1,0,0,0,1,0,1,0,0,1
1,1.0,3,9568.11,4,3,1.0,3.0,31,1,2,1,0,0,0,0,0,1,0,1,0,0,1
2,2.0,2,19476.87,1,3,2.0,2.0,54,1,1,1,0,0,0,0,0,1,0,0,0,0,1
1,3.0,1,4709.35,1,2,3.0,1.0,28,2,1,1,0,0,1,0,0,0,0,1,0,1,0
-1,3.0,3,4109.24,2,3,3.0,4.0,24,1,1,1,0,0,1,0,0,1,0,0,0,1,0
2,4.0,1,10162.99,2,2,4.0,2.0,37,1,1,2,0,0,0,0,0,1,0,1,0,0,1
1,2.0,3,24296.32,1,4,2.0,1.0,24,1,1,2,0,0,0,0,0,1,0,1,0,0,1
1,4.0,3,2363.88,1,4,4.0,4.0,21,1,1,1,1,0,0,0,0,1,0,0,0,0,1
1,4.0,3,20344.33,1,5,4.0,4.0,42,1,1,1,0,0,0,0,0,0,1,0,1,0,0
-1,3.0,4,20504.19,-1,2,3.0,4.0,40,2,2,2,0,0,0,0,0,0,0,0,0,0,1
1,1.0,1,8868.36,1,3,1.0,4.0,44,1,1,2,0,1,0,0,0,1,0,0,1,0,0
1,3.0,1,5561.07,1,3,3.0,2.0,39,2,2,1,0,0,0,0,0,1,0,0,0,1,0
1,3.0,1,21135.77,1,3,3.0,2.0,25,2,1,2,1,0,0,0,0,1,0,1,1,0,0
-1,1.0,3,13753.32,-1,3,1.0,3.0,26,1,1,1,0,0,0,0,0,1,0,1,0,0,1
1,4.0,5,2489.66,1,5,4.0,3.0,33,2,2,1,0,0,0,0,0,1,0,0,0,0,1
1,4.0,3,7767.69,-1,5,4.0,4.0,49,1,2,2,0,0,0,0,0,0,1,0,0,0,1
-1,3.0,3,19416.59,-1,5,3.0,2.0,37,2,1,1,0,0,1,0,0,1,0,1,0,0,1
2,4.0,3,6999.83,2,3,4.0,4.0,50,1,1,1,0,1,0,0,0,1,1,0,0,0,1
1,3.0,3,17710.54,1,3,3.0,2.0,31,1,1,2,0,1,0,0,0,1,0,1,0,0,1
3,3.0,3,3296.84,3,3,3.0,3.0,57,1,1,1,0,1,0,0,0,1,0,1,0,1,0
-1,1.0,3,5728.78,-1,4,1.0,4.0,33,1,1,1,0,1,0,0,0,0,0,0,0,1,0
1,3.0,5,18656.62,1,3,3.0,4.0,53,2,2,1,0,1,0,0,0,1,1,0,0,0,1
2,4.0,3,3247.02,-1,3,4.0,4.0,61,1,1,1,1,0,0,0,0,1,1,0,0,0,1
-1,4.0,5,6847.85,1,3,4.0,2.0,27,2,1,1,0,0,0,1,0,1,0,1,0,0,1
1,2.0,1,5587.26,-1,2,2.0,3.0,27,2,1,1,0,1,0,0,0,1,0,0,0,0,1
3,3.0,3,3399.04,1,3,3.0,4.0,23,1,1,1,0,1,0,0,0,1,0,0,0,0,1
1,4.0,3,4835.13,1,2,4.0,1.0,46,1,1,1,0,1,0,0,0,1,0,0,0,0,1
2,4.0,1,4028.0,-1,5,4.0,4.0,50,2,1,2,0,1,0,0,0,1,0,1,0,0,1
2,4.0,2,6559.54,2,5,4.0,2.0,41,2,1,1,0,0,1,0,1,0,0,1,0,0,1
-1,4.0,1,3823.54,1,3,4.0,2.0,43,1,1,1,0,1,0,0,0,1,0,1,0,1,0
-1,1.0,1,4974.04,-1,3,1.0,2.0,34,2,2,1,0,1,0,0,0,1,0,1,0,1,0
2,4.0,1,7403.42,-1,4,4.0,3.0,34,2,2,2,0,0,1,0,0,1,0,1,0,0,1
2,3.0,3,14101.86,-1,1,3.0,4.0,40,1,1,2,0,0,0,0,0,0,1,0,0,0,0
2,4.0,3,36760.24,1,4,4.0,2.0,27,1,1,2,0,0,0,0,0,1,0,1,1,0,0
1,1.0,1,10393.59,1,5,1.0,4.0,33,3,1,2,0,0,0,0,0,0,0,0,0,0,1
1,4.0,3,10375.24,1,1,4.0,3.0,30,1,1,2,0,1,0,0,0,1,0,1,1,0,0
-1,3.0,1,4172.14,4,4,3.0,2.0,35,1,1,1,0,1,0,0,0,1,0,1,0,0,1
2,3.0,3,3695.15,3,5,3.0,2.0,35,1,1,2,0,0,1,0,0,1,0,1,0,0,1
-1,2.0,3,5188.95,1,2,2.0,2.0,19,2,1,1,0,1,0,0,0,1,0,0,0,0,1
1,1.0,1,10322.86,1,3,1.0,2.0,40,2,2,1,0,0,0,0,0,1,0,1,0,1,0
-1,3.0,1,5050.05,-1,3,3.0,2.0,33,2,1,2,1,0,0,0,0,1,0,1,0,0,1
1,4.0,3,3186.74,1,2,4.0,3.0,23,1,1,2,0,0,0,0,0,1,0,0,0,0,1
1,4.0,5,2835.58,1,3,4.0,4.0,48,2,1,1,0,0,0,0,0,0,0,1,0,0,1
1,1.0,3,6609.36,1,5,1.0,3.0,39,1,2,1,0,1,0,0,0,1,0,1,0,0,1
-1,3.0,3,7214.74,2,5,3.0,4.0,35,1,1,2,0,1,0,0,0,1,0,1,0,0,1
2,3.0,3,16405.46,1,4,3.0,3.0,28,1,1,1,0,0,0,0,0,1,0,0,0,1,0
-1,4.0,3,3307.29,3,4,4.0,3.0,36,2,1,2,0,1,0,0,0,1,0,1,0,0,1
-1,4.0,3,5972.5,-1,3,4.0,4.0,37,1,1,2,0,1,0,0,0,1,1,0,0,0,1
2,1.0,2,6166.46,1,3,1.0,4.0,47,2,1,1,0,0,0,0,0,1,0,1,0,0,1
-1,4.0,1,6352.51,-1,5,4.0,4.0,53,2,1,1,0,1,0,0,0,1,0,1,0,0,1
2,1.0,3,26101.96,1,2,1.0,2.0,26,1,1,2,0,1,0,0,0,1,0,1,0,0,1
-1,2.0,1,4337.23,1,5,2.0,4.0,63,2,1,2,0,1,0,0,0,1,0,1,0,1,0
-1,2.0,1,8462.16,-1,1,2.0,4.0,38,1,1,2,0,0,0,0,0,1,0,1,1,0,0
1,2.0,3,8145.09,1,2,2.0,4.0,31,1,1,1,0,1,0,0,0,1,0,1,0,1,0
-1,1.0,2,9418.7,1,2,1.0,2.0,46,2,1,1,0,0,0,0,0,1,0,1,0,1,0
-1,3.0,3,9319.11,-1,3,3.0,2.0,29,1,1,1,0,0,0,0,0,1,0,1,0,0,1
-1,4.0,3,1677.25,1,3,4.0,2.0,49,1,1,1,0,0,0,0,0,1,0,1,0,1,0
2,1.0,3,30295.01,1,3,1.0,4.0,23,2,1,1,0,0,0,0,0,1,0,0,1,0,0
-1,3.0,3,12039.37,1,2,3.0,2.0,32,1,1,2,0,1,0,0,0,1,0,1,0,0,1
-1,4.0,3,1884.27,1,5,4.0,4.0,41,1,2,1,1,0,0,0,0,0,0,1,0,1,0
2,3.0,3,1268.43,1,4,3.0,3.0,28,1,1,1,0,1,0,0,0,0,0,1,0,1,0
-1,4.0,1,1787.3,2,4,4.0,3.0,51,2,1,2,0,0,0,0,0,1,0,1,0,0,1
2,4.0,2,6360.41,-1,5,4.0,2.0,42,2,1,1,0,0,1,0,0,1,0,1,0,0,1
1,2.0,3,20656.17,1,4,2.0,4.0,45,1,2,1,0,1,0,0,0,1,1,0,0,0,1
1,2.0,3,5073.63,-1,4,2.0,4.0,23,2,1,1,0,1,0,0,0,1,0,0,0,1,0
2,2.0,3,1795.14,1,4,2.0,3.0,25,1,1,1,0,0,0,0,0,0,0,1,0,1,0
2,4.0,1,12437.73,1,2,4.0,2.0,25,2,1,1,0,1,0,0,0,1,0,1,0,1,0
1,2.0,3,3676.8,1,3,2.0,4.0,28,1,1,1,0,0,0,0,0,1,0,0,0,0,1
1,4.0,4,3139.58,1,5,4.0,4.0,35,1,1,1,1,0,0,0,0,1,1,0,0,0,1
2,1.0,3,24629.12,1,2,1.0,4.0,28,1,1,2,0,0,0,0,0,1,0,0,1,0,0
-1,4.0,3,3944.1,1,3,4.0,2.0,32,1,1,2,0,1,0,0,0,1,1,0,1,0,0
-1,2.0,1,9342.74,-1,2,2.0,1.0,37,2,2,1,1,0,0,0,0,1,0,1,0,1,0
-1,2.0,5,10915.12,1,3,2.0,2.0,36,2,2,1,0,0,1,0,1,0,0,1,0,0,1
-1,4.0,1,9264.11,1,4,4.0,4.0,37,2,1,2,0,0,0,0,0,1,0,1,0,0,1
2,1.0,3,2576.13,4,2,1.0,4.0,19,1,1,1,0,1,0,0,0,1,0,0,0,1,0
-1,4.0,1,3650.61,1,2,4.0,4.0,35,2,1,1,0,0,0,0,0,1,0,1,1,0,0
-1,2.0,2,41021.46,1,4,2.0,4.0,21,2,1,2,0,1,0,0,0,1,0,1,0,0,1
-1,1.0,1,4072.55,1,4,1.0,2.0,24,2,1,2,0,1,0,0,0,1,0,0,0,0,1
-1,4.0,2,33411.02,3,4,4.0,1.0,37,1,1,2,0,1,0,0,0,1,0,1,1,0,0
3,1.0,3,7660.26,2,3,1.0,1.0,28,1,1,2,0,0,0,0,0,0,0,1,1,0,0
-1,4.0,3,3244.4,-1,1,4.0,4.0,36,1,2,2,1,0,0,0,0,1,0,1,1,0,0
1,2.0,3,7369.33,-1,5,2.0,4.0,26,1,1,1,0,0,0,0,0,1,0,0,0,0,1
3,1.0,1,3519.54,1,5,1.0,4.0,46,2,2,1,0,0,0,0,0,1,0,1,0,0,1
2,2.0,3,5506.02,1,2,2.0,4.0,23,1,1,1,0,1,0,0,0,1,0,1,0,1,0
3,2.0,5,16481.42,1,2,2.0,1.0,33,2,1,1,0,0,1,0,0,1,0,1,0,0,1
-1,4.0,1,1619.59,1,5,4.0,4.0,56,1,1,1,0,1,0,0,0,1,0,1,0,0,1
-1,4.0,3,3650.61,1,5,4.0,4.0,47,3,2,2,1,0,0,0,0,0,0,1,0,0,1
1,2.0,3,10883.7,1,3,2.0,3.0,42,1,1,1,0,1,0,0,0,1,0,1,0,0,1
-1,4.0,1,3917.91,1,5,4.0,1.0,38,2,2,1,0,0,0,0,0,1,0,1,0,1,0
2,2.0,4,3765.93,2,4,2.0,3.0,29,1,1,1,0,0,0,0,0,1,0,1,0,0,1
1,4.0,3,3367.57,-1,4,4.0,4.0,32,1,1,1,0,0,0,0,0,1,0,0,0,0,1
3,3.0,3,7579.02,1,5,3.0,4.0,51,1,1,1,0,1,0,0,0,1,1,0,0,0,1
2,4.0,5,9969.04,1,3,4.0,1.0,42,1,1,2,0,1,0,0,0,1,0,1,0,0,1
3,4.0,1,2460.8,3,4,4.0,2.0,28,3,1,2,0,0,0,0,0,1,0,1,0,0,1
1,1.0,3,20234.23,-1,2,1.0,2.0,30,1,1,2,0,1,0,0,0,1,0,1,0,0,1
-1,3.0,3,4185.21,3,3,3.0,2.0,40,1,2,1,0,0,0,0,0,1,0,0,0,1,0
-1,4.0,1,14966.7,4,5,4.0,2.0,38,2,1,2,0,0,0,0,0,1,0,1,1,0,0
-1,1.0,1,6108.79,-1,5,1.0,4.0,49,1,1,2,0,1,0,0,0,1,0,1,0,0,1
-1,2.0,1,3938.87,1,4,2.0,1.0,42,2,2,1,0,1,0,0,0,1,0,1,0,1,0
2,4.0,2,7500.39,2,5,4.0,3.0,30,1,1,1,0,0,0,0,0,1,1,0,0,0,1
3,2.0,1,3467.16,2,5,2.0,4.0,28,2,2,2,0,0,0,0,0,1,0,1,0,0,1
1,4.0,3,6480.91,1,1,4.0,1.0,25,1,1,1,0,1,0,0,0,1,0,1,0,0,0
-1,3.0,3,4179.98,1,4,3.0,2.0,51,1,2,1,0,1,0,0,0,1,0,1,0,0,1
-1,4.0,1,10136.8,1,5,4.0,2.0,41,2,1,2,0,0,0,0,0,1,0,0,1,0,0
2,1.0,3,8420.23,3,2,1.0,3.0,25,1,1,1,0,1,0,0,0,1,0,0,0,0,1
2,2.0,2,12503.23,1,4,2.0,4.0,51,1,1,1,0,1,0,0,0,1,0,1,0,0,1
2,4.0,1,4945.23,-1,3,4.0,4.0,28,2,1,1,0,0,1,0,0,0,0,1,0,0,1
2,1.0,3,11633.16,1,5,1.0,1.0,33,1,1,2,0,0,1,0,0,0,0,1,1,0,0
2,1.0,3,28725.25,4,4,1.0,2.0,27,2,1,2,0,1,0,0,0,0,0,1,0,0,1
1,4.0,2,3493.35,1,1,4.0,2.0,43,2,2,1,0,0,0,0,0,1,1,0,0,0,1
-1,4.0,1,4850.87,1,4,4.0,2.0,33,2,1,2,0,1,0,0,0,1,0,1,0,0,1
1,4.0,3,4869.22,1,2,4.0,1.0,22,1,1,1,0,1,0,0,0,1,0,0,0,0,1
1,4.0,1,1008.97,1,4,4.0,3.0,58,4,1,2,0,1,0,0,0,1,0,1,0,1,0
-1,4.0,3,3178.9,3,5,4.0,3.0,47,1,1,2,0,1,0,0,1,0,0,1,0,0,1
-1,4.0,1,4153.79,1,4,4.0,3.0,40,2,1,1,0,1,0,0,0,1,0,1,0,0,1
-1,2.0,3,26584.13,2,4,2.0,4.0,21,1,1,2,0,1,0,0,0,1,0,1,0,0,1
1,2.0,4,20139.92,1,4,2.0,4.0,37,1,1,1,0,0,1,0,0,1,0,0,0,0,1
-1,4.0,3,9845.87,1,5,4.0,4.0,62,1,1,2,0,0,0,0,0,1,1,0,0,0,1
-1,1.0,3,7290.7,3,4,1.0,2.0,31,1,1,1,0,0,0,0,0,0,0,1,1,0,0
1,4.0,3,4932.11,1,3,4.0,4.0,25,2,1,1,0,1,0,0,0,0,0,0,0,0,1
1,1.0,1,12359.1,-1,2,1.0,3.0,44,2,2,1,0,0,0,0,0,1,0,1,0,1,0
3,4.0,1,12568.79,1,5,4.0,4.0,56,1,1,1,0,0,0,0,0,1,1,0,0,0,1
2,3.0,1,15199.92,1,3,3.0,4.0,34,2,1,2,0,0,0,0,0,1,0,1,0,0,1
-1,4.0,3,3637.48,1,3,4.0,2.0,26,1,1,1,0,1,0,0,0,1,0,0,0,0,1
-1,4.0,1,5071.01,1,5,4.0,4.0,43,3,1,2,0,1,0,0,0,1,0,1,0,0,1
-1,4.0,1,5996.13,1,2,4.0,4.0,23,1,1,2,0,1,0,0,0,1,0,1,0,0,1
-1,3.0,3,6735.14,1,3,3.0,3.0,21,1,1,1,0,0,0,0,0,1,0,0,0,0,1
1,1.0,3,3600.84,1,3,1.0,2.0,36,1,1,2,0,1,0,0,0,0,0,1,0,1,0
2,2.0,5,21798.82,1,5,2.0,4.0,42,2,1,2,0,0,1,0,0,1,1,0,1,0,0
1,4.0,3,18800.75,-1,4,4.0,3.0,30,1,1,2,0,1,0,0,0,1,0,1,1,0,0
3,3.0,1,3330.87,-1,3,3.0,4.0,39,2,1,2,0,1,0,0,0,1,1,0,0,0,1
-1,2.0,1,15202.53,-1,5,2.0,4.0,49,1,1,2,0,1,0,0,0,1,0,0,0,0,1
2,4.0,3,2327.18,1,5,4.0,4.0,41,1,2,1,0,0,0,0,0,0,0,1,0,1,0
2,4.0,3,5154.87,1,5,4.0,4.0,20,1,1,2,0,1,0,0,0,1,0,1,0,0,1
1,3.0,3,7662.87,1,3,3.0,4.0,63,1,2,2,0,0,0,0,0,0,0,1,0,0,1
-1,1.0,3,13952.5,3,5,1.0,4.0,35,1,1,1,0,0,0,0,0,1,1,0,0,0,1
2,4.0,1,11135.26,1,1,4.0,2.0,28,2,1,1,0,0,0,0,0,1,0,1,1,0,0
2,4.0,1,7149.19,-1,4,4.0,2.0,35,3,1,2,0,1,0,0,0,0,0,1,0,0,1
1,2.0,1,10233.72,1,3,2.0,2.0,36,2,2,1,0,0,0,0,0,1,0,0,0,0,1
-1,4.0,3,2618.05,-1,5,4.0,2.0,25,2,1,1,0,1,0,0,0,1,0,1,0,0,1
2,3.0,3,17191.62,2,4,3.0,2.0,24,1,1,1,0,0,0,0,0,1,0,1,0,0,1
1,2.0,3,41556.11,1,1,2.0,3.0,43,1,1,1,0,0,0,0,0,1,0,1,1,0,0
-1,4.0,1,15210.42,4,3,4.0,2.0,27,2,1,1,0,0,0,0,0,1,0,1,0,0,1
-1,1.0,3,4030.62,1,2,1.0,2.0,56,1,1,1,1,0,0,0,0,1,0,1,0,0,1
2,4.0,3,19413.98,2,2,4.0,2.0,24,1,1,1,0,0,0,0,0,1,0,1,1,0,0
1,2.0,1,3566.75,1,2,2.0,4.0,40,1,2,1,0,0,0,0,0,1,0,1,0,1,0
1,4.0,3,4599.3,1,5,4.0,4.0,58,1,1,2,0,0,0,0,0,1,0,1,0,1,0
3,2.0,2,5888.65,1,3,2.0,2.0,36,2,1,2,0,0,0,0,1,0,0,1,0,0,1
1,1.0,2,9547.15,1,5,1.0,4.0,27,2,1,1,0,1,0,0,0,1,0,1,0,1,0
-1,2.0,1,9133.05,-1,2,2.0,4.0,44,2,1,2,0,0,0,0,0,1,0,1,0,0,1
1,4.0,2,18048.62,1,3,4.0,3.0,29,1,1,2,1,0,0,0,1,0,0,1,0,0,1
1,1.0,3,18342.11,1,4,1.0,1.0,34,2,1,2,0,1,0,0,0,1,0,1,0,0,1
-1,4.0,2,11696.11,1,3,4.0,2.0,26,2,1,2,0,1,0,0,0,1,0,1,1,0,0
3,3.0,3,1952.39,1,3,3.0,2.0,28,1,1,1,0,1,0,0,0,1,0,1,0,1,0
1,4.0,1,1496.42,1,5,4.0,4.0,65,2,1,1,0,0,0,0,0,1,0,1,0,0,1
3,2.0,3,1858.08,4,2,2.0,2.0,27,1,1,1,0,0,0,0,0,1,0,1,0,0,0
-1,4.0,2,3938.87,1,3,4.0,4.0,41,1,1,1,0,0,0,0,0,1,0,0,0,0,1
1,1.0,3,39037.59,1,5,1.0,4.0,68,1,1,2,0,0,0,0,0,0,0,1,1,0,0
-1,3.0,3,7429.61,3,5,3.0,4.0,53,1,1,1,0,1,0,0,0,1,0,1,0,0,1
2,4.0,1,3464.55,4,3,4.0,4.0,40,2,1,1,0,0,0,0,0,1,0,1,0,0,1
-1,4.0,1,4717.24,1,3,4.0,2.0,24,2,1,1,0,1,0,0,0,1,0,1,0,0,1
1,2.0,3,12623.79,1,4,2.0,3.0,31,1,1,2,0,0,0,0,0,1,0,1,0,0,1
-1,4.0,1,7419.15,1,3,4.0,2.0,33,1,1,2,0,1,0,0,0,1,0,1,0,0,1
1,4.0,1,1915.69,1,5,4.0,4.0,47,2,1,1,0,0,0,0,0,1,0,1,0,1,0
-1,2.0,3,8852.63,-1,3,2.0,1.0,31,1,1,2,0,0,0,0,0,1,0,1,0,0,1
-1,2.0,3,17718.38,-1,3,2.0,4.0,68,2,1,1,0,0,0,0,0,1,0,0,0,0,1
-1,3.0,3,7010.33,3,5,3.0,4.0,40,1,1,1,0,1,0,0,0,1,0,1,0,0,1
2,4.0,3,3784.28,-1,2,4.0,1.0,23,1,1,1,0,1,0,0,0,1,0,1,0,0,1
1,4.0,1,3692.53,1,5,4.0,3.0,54,1,1,1,0,0,0,0,0,1,0,1,0,0,1
1,1.0,1,5128.68,1,4,1.0,4.0,31,1,1,1,0,1,0,0,0,1,0,1,0,0,1
1,4.0,2,4347.69,1,2,4.0,2.0,29,1,1,2,0,1,0,0,0,1,0,0,0,1,0
2,1.0,3,38143.95,-1,1,1.0,2.0,23,1,1,2,0,0,0,0,0,1,0,1,0,0,0
1,3.0,1,1745.37,4,4,3.0,4.0,39,2,1,2,0,0,0,0,0,1,0,1,0,1,0
-1,4.0,3,3406.88,-1,5,4.0,4.0,45,1,2,1,0,0,0,0,0,0,1,0,0,0,1
2,1.0,4,24327.74,1,1,1.0,2.0,55,1,1,2,0,0,0,0,0,0,1,0,1,0,0
1,2.0,3,1121.64,1,5,2.0,1.0,49,1,1,2,0,1,0,0,0,0,0,1,0,0,1
1,4.0,3,9195.94,1,4,4.0,1.0,25,1,1,1,0,1,0,0,0,1,0,1,0,0,1
-1,2.0,1,3296.84,1,2,2.0,4.0,22,2,1,1,0,1,0,0,0,1,0,0,0,1,0
-1,3.0,3,3716.11,2,3,3.0,2.0,35,1,1,1,0,0,0,0,0,1,0,0,0,1,0
2,1.0,3,6103.56,1,2,1.0,1.0,45,1,1,1,0,1,0,0,0,1,0,1,0,0,1
1,4.0,3,5893.93,2,4,4.0,3.0,30,1,2,2,0,0,0,0,0,1,0,1,1,0,0
3,4.0,4,1596.01,1,2,4.0,1.0,26,1,1,1,0,0,1,0,0,1,0,1,0,0,0
1,4.0,4,5631.86,1,3,4.0,1.0,29,1,1,1,0,1,0,0,0,1,1,0,0,0,1
1,4.0,4,7196.39,1,5,4.0,4.0,31,1,1,1,0,1,0,0,0,0,0,1,0,0,1
1,4.0,3,2397.91,-1,5,4.0,2.0,29,1,1,1,0,0,0,0,0,0,0,1,0,0,1
1,4.0,3,1792.52,1,3,4.0,4.0,40,1,2,1,1,0,0,0,0,1,0,0,0,1,0
-1,1.0,3,4628.11,1,3,1.0,2.0,21,1,1,1,0,1,0,0,0,1,0,0,0,0,1
-1,4.0,2,1879.04,-1,5,4.0,4.0,54,2,1,2,0,0,0,0,0,1,0,1,0,0,1
2,4.0,3,1991.71,1,4,4.0,2.0,44,1,1,1,0,1,0,0,0,1,0,1,0,1,0
2,4.0,3,2730.77,-1,3,4.0,2.0,33,1,1,1,0,0,0,0,0,1,0,1,0,0,1
-1,1.0,1,3199.86,-1,3,1.0,2.0,27,2,1,1,0,1,0,0,0,1,0,1,0,0,1
-1,3.0,3,6591.01,1,3,3.0,4.0,43,1,1,2,0,1,0,0,0,1,0,1,0,0,1
1,4.0,3,9492.1,4,5,4.0,4.0,57,2,1,2,0,1,0,0,0,1,0,0,0,0,1
-1,2.0,3,4769.63,1,3,2.0,2.0,30,1,1,2,0,0,0,0,0,1,0,1,1,0,0
1,3.0,1,3375.41,2,5,3.0,4.0,48,2,2,1,0,0,0,1,0,1,0,1,0,0,1
2,2.0,3,7838.43,-1,5,2.0,4.0,25,1,1,1,0,1,0,0,0,1,0,1,0,0,1
1,3.0,3,7995.68,1,3,3.0,4.0,54,1,1,1,0,1,0,0,0,1,0,1,0,0,1
1,4.0,3,10107.94,1,3,4.0,4.0,40,1,1,2,0,0,0,0,0,1,0,1,1,0,0
-1,3.0,3,3860.24,1,2,3.0,4.0,39,1,1,2,0,1,0,0,0,1,0,1,0,0,1
1,4.0,3,6032.78,1,3,4.0,4.0,31,1,1,1,0,1,0,0,0,1,0,0,0,0,1
-1,4.0,3,8069.08,-1,3,4.0,4.0,36,1,1,1,0,0,0,0,0,1,0,1,0,0,1
1,2.0,4,18009.31,1,2,2.0,1.0,55,1,1,2,0,1,0,0,0,0,0,1,0,0,1
2,4.0,3,2070.33,3,3,4.0,3.0,66,1,1,1,0,1,0,0,0,1,0,1,0,1,0
-1,3.0,3,3807.86,1,2,3.0,1.0,26,1,1,1,0,1,0,0,0,1,0,1,0,0,1
1,4.0,1,3621.8,2,4,4.0,1.0,26,2,1,2,0,0,1,0,0,1,0,1,0,0,1
2,2.0,2,16258.66,1,3,2.0,4.0,44,1,2,2,0,0,0,1,0,1,0,1,0,1,0
-1,3.0,1,14432.05,1,5,3.0,4.0,44,2,1,1,0,0,0,1,0,1,1,0,0,0,1
-1,3.0,1,3674.18,3,4,3.0,4.0,37,1,1,2,0,1,0,0,0,1,0,0,0,0,1
-1,1.0,3,3440.97,1,5,1.0,4.0,20,1,1,1,0,1,0,0,0,1,0,1,0,0,1
1,3.0,3,3338.76,1,2,3.0,1.0,37,1,1,1,0,0,0,0,0,1,0,1,0,1,0
-1,3.0,1,4009.65,1,3,3.0,2.0,32,2,1,1,0,0,0,0,0,0,0,1,0,0,1
1,4.0,3,4960.97,1,3,4.0,4.0,29,1,1,2,0,0,0,0,0,1,0,1,0,0,1
1,4.0,3,6305.36,1,4,4.0,4.0,23,1,1,1,0,1,0,0,0,1,0,0,0,0,1
1,4.0,1,885.81,3,5,4.0,4.0,52,2,1,1,0,1,0,0,0,1,0,1,0,0,1
2,4.0,1,3393.76,1,2,4.0,1.0,27,2,1,1,0,1,0,0,0,1,0,1,0,0,1
-1,1.0,3,10042.43,-1,5,1.0,4.0,64,1,1,1,1,0,0,0,0,1,0,1,0,1,0
-1,4.0,3,6024.94,3,5,4.0,4.0,39,1,1,1,0,1,0,0,0,1,0,1,0,0,1
2,4.0,2,1533.12,1,3,4.0,4.0,20,2,1,1,0,1,0,0,0,1,0,0,0,0,1
1,2.0,3,4510.17,1,2,2.0,3.0,36,1,1,1,0,0,0,0,0,1,0,1,0,0,1
-1,2.0,3,12608.1,-1,4,2.0,4.0,24,1,1,1,0,0,0,0,1,0,0,0,0,1,0
-1,4.0,1,5825.76,2,5,4.0,4.0,52,2,1,1,0,1,0,0,0,0,0,1,0,0,1
-1,4.0,3,5375.01,1,2,4.0,1.0,33,1,1,1,0,1,0,0,0,1,0,1,0,0,1
2,4.0,1,4567.83,1,5,4.0,2.0,48,2,1,1,0,1,0,0,0,1,0,1,0,1,0
-1,4.0,3,4892.8,-1,5,4.0,4.0,58,1,1,2,0,1,0,0,0,1,0,1,0,0,1
2,1.0,4,17951.65,2,1,1.0,2.0,34,1,2,2,0,0,0,0,0,1,0,1,1,0,0
1,4.0,1,15718.83,1,3,4.0,3.0,27,1,1,2,1,0,0,0,0,0,0,1,0,0,1
-1,4.0,2,6224.12,3,3,4.0,2.0,44,2,2,2,0,0,1,0,0,1,0,1,0,0,1
-1,2.0,3,7938.02,1,4,2.0,2.0,33,1,1,1,0,0,0,0,0,1,0,1,0,0,1
1,3.0,3,6756.1,1,1,3.0,4.0,55,1,1,1,0,1,0,0,0,1,1,0,1,0,0
-1,4.0,1,2088.68,-1,5,4.0,3.0,33,1,2,1,0,1,0,0,0,0,0,1,0,1,0
-1,2.0,1,3448.81,3,3,2.0,2.0,47,2,1,1,0,1,0,0,0,1,0,1,0,1,0
-1,4.0,3,8336.38,1,2,4.0,4.0,26,1,1,2,0,1,0,0,0,1,0,1,0,0,1
1,2.0,3,6936.94,3,3,2.0,3.0,44,1,2,1,0,1,0,0,0,1,0,0,0,0,1
1,1.0,3,6580.5,1,1,1.0,4.0,23,1,1,1,0,0,0,0,0,1,0,0,0,0,1
-1,4.0,3,6114.02,3,5,4.0,2.0,30,1,1,1,0,1,0,0,0,0,0,1,1,0,0
2,3.0,1,2767.41,1,5,3.0,3.0,30,2,1,1,0,0,0,0,0,0,0,1,0,0,1
1,4.0,3,4835.13,1,3,4.0,4.0,23,1,1,2,0,1,0,0,0,1,1,0,0,0,1
-1,3.0,3,3307.29,1,3,3.0,2.0,25,1,1,1,0,1,0,0,0,1,0,1,0,0,1
-1,2.0,3,9243.15,-1,2,2.0,3.0,45,1,2,2,0,0,0,0,0,1,0,1,1,0,0
2,4.0,3,4059.42,-1,2,4.0,2.0,35,1,1,1,0,0,0,0,0,1,0,1,0,0,0
2,3.0,5,5969.89,2,2,3.0,3.0,28,2,1,1,0,0,0,0,0,1,0,1,0,0,1
-1,2.0,5,7230.43,1,5,2.0,4.0,34,2,1,1,0,1,0,0,0,1,0,1,0,0,1
-1,4.0,3,5909.61,-1,2,4.0,1.0,54,1,1,1,0,0,0,0,0,1,0,1,0,0,1
2,2.0,3,3645.38,1,3,2.0,1.0,27,1,1,2,0,0,1,0,0,0,0,1,0,0,1
1,4.0,3,2358.6,-1,3,4.0,2.0,23,1,1,1,0,0,0,0,0,1,0,1,0,0,1
3,4.0,1,3530.05,-1,4,4.0,2.0,27,2,1,2,0,1,0,0,0,1,0,1,0,0,1
1,4.0,3,4200.94,1,5,4.0,4.0,55,1,1,1,0,1,0,0,0,1,0,1,0,0,1
2,2.0,4,3312.52,2,3,2.0,2.0,25,1,1,1,0,0,0,0,0,1,0,0,0,0,1
1,3.0,1,14075.67,1,3,3.0,2.0,28,2,1,1,0,1,0,0,0,1,0,1,0,0,1
-1,4.0,3,22506.36,2,5,4.0,2.0,45,1,1,2,0,0,0,0,0,1,0,1,1,0,0
1,4.0,4,888.42,1,5,4.0,1.0,45,1,1,1,1,0,0,0,0,0,0,1,0,1,0
2,4.0,2,5029.08,2,2,4.0,3.0,30,2,1,1,0,1,0,0,1,0,0,1,1,0,0
2,4.0,3,723.32,1,3,4.0,4.0,22,1,1,1,0,0,0,0,0,1,0,0,0,1,0
1,4.0,1,4926.88,1,4,4.0,1.0,32,2,1,2,0,1,0,0,0,1,0,1,1,0,0
2,3.0,5,41786.71,1,2,3.0,4.0,58,1,1,2,0,0,1,0,0,1,0,0,0,0,1
-1,1.0,3,9374.16,2,3,1.0,2.0,26,1,2,1,0,0,0,0,0,1,0,0,0,0,1
3,2.0,1,6077.37,1,2,2.0,1.0,33,1,1,1,1,0,0,0,0,1,0,0,0,0,1
-1,4.0,1,15123.95,1,4,4.0,2.0,25,2,1,1,0,1,0,0,0,1,0,1,0,0,1
1,2.0,3,3595.56,1,4,2.0,3.0,36,1,1,1,0,0,0,0,0,1,0,1,0,0,1
2,1.0,5,8501.47,1,3,1.0,4.0,33,2,1,2,0,1,0,0,0,0,0,1,0,0,1
2,1.0,3,2513.24,1,3,1.0,2.0,29,1,1,1,0,1,0,0,0,1,0,1,0,0,1
3,4.0,5,3503.86,1,2,4.0,2.0,34,2,1,2,0,1,0,0,0,1,0,1,1,0,0
3,4.0,3,5503.41,1,3,4.0,2.0,37,1,1,1,0,1,0,0,1,0,0,1,0,0,1
2,4.0,3,5406.48,1,2,4.0,3.0,30,1,1,2,0,1,0,0,0,1,0,0,1,0,0
-1,4.0,1,3372.8,4,5,4.0,4.0,37,2,1,2,0,0,0,0,0,1,0,1,0,0,1
1,2.0,1,16822.12,1,5,2.0,4.0,44,2,2,2,0,0,0,0,0,1,1,0,1,0,0
1,4.0,3,3341.38,-1,3,4.0,2.0,24,1,1,1,0,1,0,0,0,1,0,0,0,0,1
-1,3.0,1,15907.5,1,5,3.0,4.0,33,2,1,2,0,1,0,0,0,1,0,1,0,0,1
3,4.0,3,1027.32,1,2,4.0,4.0,23,1,1,2,1,0,0,0,0,1,0,0,0,0,1
2,4.0,2,18258.26,2,4,4.0,4.0,36,1,1,2,0,0,1,0,0,1,0,0,1,0,0
2,4.0,1,5029.08,1,4,4.0,3.0,35,1,1,2,0,1,0,0,0,1,0,0,0,0,1
1,1.0,1,8905.06,1,4,1.0,4.0,39,2,1,1,0,0,0,0,0,1,0,1,0,1,0
-1,3.0,1,15603.51,1,4,3.0,2.0,38,1,1,1,0,1,0,0,0,1,0,1,0,0,1
2,2.0,3,16950.56,-1,1,2.0,1.0,52,1,1,2,0,1,0,0,0,1,0,1,1,0,0
2,3.0,4,38738.87,2,5,3.0,4.0,60,2,1,2,0,0,0,0,0,0,1,0,1,0,0
3,1.0,3,5899.16,1,3,1.0,2.0,46,1,1,1,0,1,0,0,0,1,0,1,0,1,0
2,2.0,3,1973.36,1,3,2.0,3.0,64,1,1,1,0,1,0,0,0,1,0,1,0,0,1
1,4.0,1,16324.22,1,2,4.0,4.0,23,2,1,2,0,1,0,0,0,1,0,0,0,1,0
2,4.0,3,2639.02,4,3,4.0,1.0,22,1,1,1,0,0,0,0,0,1,0,1,0,0,1
2,3.0,2,18494.14,-1,4,3.0,4.0,36,2,2,2,0,0,0,0,0,0,0,0,1,0,0
2,4.0,1,4874.45,1,1,4.0,2.0,34,2,1,2,0,0,0,0,0,1,0,1,1,0,0
1,2.0,5,13871.26,1,1,2.0,4.0,50,2,1,2,0,0,1,0,1,0,0,1,0,0,1
2,3.0,3,34005.9,1,1,3.0,4.0,38,1,1,2,0,0,0,0,0,1,1,0,1,0,0
2,2.0,1,2510.62,1,4,2.0,3.0,47,2,2,1,0,0,0,0,0,1,0,1,0,1,0
-1,4.0,2,4075.16,4,5,4.0,4.0,55,2,2,1,0,0,0,1,0,1,1,0,0,0,1
1,3.0,1,12691.96,1,5,3.0,4.0,43,2,1,2,0,0,0,0,0,1,0,0,0,0,1
2,4.0,2,12348.65,-1,3,4.0,2.0,37,2,1,2,0,0,1,0,0,0,0,1,1,0,0
-1,4.0,3,2033.63,1,3,4.0,2.0,28,1,1,1,0,1,0,0,0,1,0,1,0,0,1
1,1.0,5,8160.78,1,2,1.0,4.0,26,1,1,1,0,1,0,0,0,1,0,0,0,0,1
-1,4.0,3,6997.21,1,5,4.0,4.0,35,1,1,2,0,0,0,0,0,1,0,1,1,0,0
1,4.0,3,5796.95,-1,4,4.0,4.0,39,1,1,2,0,1,0,0,0,1,0,1,0,0,1
1,4.0,1,7749.34,1,5,4.0,4.0,63,2,1,2,0,0,0,0,0,1,0,1,0,0,1
2,4.0,3,6087.83,1,4,4.0,4.0,24,1,1,1,0,1,0,0,0,1,0,0,0,0,1
1,4.0,3,8797.63,4,2,4.0,2.0,29,1,1,1,0,1,0,0,0,0,0,1,0,0,1
-1,4.0,3,2342.86,-1,4,4.0,3.0,40,1,1,2,1,0,0,0,0,1,0,1,0,0,1
2,3.0,3,2717.64,2,4,3.0,4.0,39,1,1,1,0,0,1,0,0,1,0,1,0,1,0
-1,4.0,1,3011.14,4,3,4.0,3.0,46,2,1,1,0,1,0,0,0,1,0,1,0,0,1
2,2.0,3,15928.47,1,4,2.0,2.0,32,1,1,1,0,0,0,0,0,1,0,1,0,0,1
2,2.0,3,9017.78,2,3,2.0,4.0,21,1,1,1,0,1,0,0,0,1,0,0,0,0,1
-1,1.0,3,15574.7,-1,2,1.0,1.0,44,2,1,2,0,1,0,0,0,1,0,1,0,0,1
-1,1.0,3,9990.0,2,2,1.0,4.0,23,1,1,2,0,0,0,0,0,1,0,1,0,0,1
1,4.0,3,1766.33,2,4,4.0,1.0,20,1,1,1,0,1,0,0,0,1,0,1,0,0,1
-1,1.0,4,2051.98,-1,3,1.0,2.0,26,1,2,1,0,0,0,0,1,0,0,1,0,1,0
-1,1.0,1,17718.38,1,4,1.0,3.0,45,2,2,2,0,0,0,0,0,1,0,1,1,0,0
1,2.0,3,9591.69,1,3,2.0,4.0,28,1,1,1,0,1,0,0,0,1,0,1,0,0,1
-1,2.0,3,23730.25,-1,3,2.0,4.0,35,1,2,2,1,0,0,0,0,1,1,0,0,1,0
-1,3.0,3,12115.38,2,3,3.0,2.0,40,1,1,2,1,0,0,0,0,1,0,1,1,0,0
2,2.0,3,2204.01,2,4,2.0,4.0,23,1,1,1,0,0,1,0,0,1,0,0,0,1,0
-1,4.0,3,5186.34,-1,5,4.0,2.0,35,1,1,1,0,1,0,0,0,1,0,1,0,0,1
-1,4.0,1,6148.11,1,4,4.0,3.0,35,2,1,2,0,0,0,0,0,1,0,1,0,0,1
-1,4.0,3,3430.46,-1,3,4.0,4.0,27,1,1,1,0,0,0,0,0,1,0,1,0,1,0
1,4.0,4,8776.67,3,2,4.0,4.0,30,1,2,2,0,1,0,0,0,1,1,0,0,0,1
-1,1.0,5,13111.23,-1,3,1.0,4.0,29,2,1,2,0,0,0,0,0,0,0,1,0,0,1
-1,1.0,1,3241.79,2,3,1.0,1.0,27,2,1,1,0,1,0,0,0,1,0,1,0,0,1
2,2.0,3,3113.34,1,5,2.0,4.0,39,1,2,1,0,0,1,0,0,1,0,1,0,0,1
-1,3.0,3,9140.94,2,4,3.0,4.0,23,1,1,1,0,0,0,0,0,1,0,1,0,0,1
1,4.0,3,9030.85,1,5,4.0,2.0,42,1,2,1,0,1,0,0,0,1,0,1,0,0,1
-1,4.0,2,5684.24,1,3,4.0,2.0,28,1,1,2,0,0,1,0,0,1,0,1,0,0,1
-1,4.0,3,2943.02,3,3,4.0,4.0,29,1,1,1,0,1,0,0,0,1,0,0,0,1,0
2,3.0,2,5409.1,1,1,3.0,2.0,34,1,1,2,0,1,0,0,0,1,0,1,1,0,0
2,4.0,3,1637.94,1,2,4.0,1.0,26,1,1,1,0,1,0,0,0,0,0,1,0,1,0
-1,2.0,3,3574.59,1,3,2.0,4.0,64,1,1,2,0,0,0,0,0,1,0,1,0,0,1
2,1.0,3,16950.56,-1,1,1.0,4.0,60,1,1,2,0,0,0,0,0,1,0,1,1,0,0
2,4.0,3,3409.5,1,5,4.0,2.0,32,1,1,1,0,1,0,0,0,1,0,1,0,1,0
2,4.0,2,6114.02,-1,2,4.0,2.0,29,1,1,1,0,1,0,0,0,0,0,1,0,1,0
-1,2.0,1,6300.13,1,3,2.0,2.0,26,2,1,1,0,1,0,0,0,1,0,1,0,0,1
1,4.0,1,2749.12,1,2,4.0,4.0,21,1,1,1,0,1,0,0,0,1,0,0,0,0,1
1,4.0,3,6758.72,1,2,4.0,1.0,33,1,2,1,0,0,0,0,0,1,0,1,0,1,0
2,2.0,3,7678.61,1,4,2.0,1.0,27,1,1,1,0,1,0,0,0,1,0,1,0,0,1
-1,4.0,1,948.7,2,3,4.0,4.0,52,2,1,1,0,0,0,0,0,1,0,1,0,1,0
-1,3.0,3,8988.92,3,5,3.0,2.0,31,1,2,2,0,1,0,0,0,1,0,1,0,0,1
1,1.0,3,9486.87,1,3,1.0,2.0,37,1,2,1,0,1,0,0,0,1,0,1,0,0,1
-1,4.0,1,3024.26,2,1,4.0,4.0,57,3,1,1,0,1,0,0,0,1,0,1,0,1,0
2,1.0,5,11114.3,1,3,1.0,4.0,36,3,1,2,0,0,1,0,0,1,0,1,0,1,0
-1,4.0,1,2610.21,-1,4,4.0,4.0,23,2,1,1,0,0,0,1,0,1,0,1,0,0,1
-1,2.0,3,8016.64,4,4,2.0,4.0,61,1,1,1,0,1,0,0,0,1,0,1,0,1,0
2,4.0,3,3147.43,1,2,4.0,1.0,26,1,1,1,0,0,0,0,0,1,0,1,0,0,1
-1,4.0,3,1852.8,1,3,4.0,2.0,30,2,1,1,0,1,0,0,0,0,0,1,0,0,1
3,2.0,1,2743.84,1,3,2.0,4.0,50,1,1,1,1,0,0,0,0,1,0,1,0,1,0
-1,2.0,2,22663.61,1,2,2.0,2.0,27,2,1,2,0,0,1,0,0,0,0,1,0,0,1
3,4.0,1,9478.98,-1,5,4.0,4.0,20,2,1,1,0,1,0,0,0,1,0,0,0,0,1
1,1.0,3,6182.19,2,1,1.0,1.0,33,1,1,1,0,1,0,0,0,1,0,1,0,0,1
3,4.0,2,5000.23,1,5,4.0,4.0,66,1,1,2,0,0,1,0,0,1,0,1,1,0,0
2,4.0,3,4132.82,4,2,4.0,1.0,20,1,1,1,0,1,0,0,0,1,0,1,0,0,1
-1,4.0,3,5985.62,1,4,4.0,2.0,28,1,1,2,0,1,0,0,0,1,0,1,0,0,1
2,1.0,2,15632.36,1,5,1.0,2.0,30,2,1,2,0,0,0,0,0,1,0,1,1,0,0
1,3.0,1,27839.44,1,5,3.0,4.0,38,3,2,2,0,0,0,0,0,1,1,0,1,0,0
2,3.0,3,1189.81,1,2,3.0,1.0,22,1,1,1,0,0,0,1,0,1,0,1,0,1,0
1,4.0,3,1858.08,1,5,4.0,4.0,57,1,1,1,0,1,0,0,1,0,0,1,0,1,0
1,2.0,3,8514.6,1,4,2.0,4.0,39,1,2,2,0,0,0,0,0,0,1,0,1,0,0
-1,2.0,3,8063.85,1,3,2.0,4.0,52,1,1,2,0,1,0,0,0,1,0,1,0,0,1
1,1.0,3,3543.17,3,1,1.0,2.0,23,1,1,2,0,0,0,0,0,1,0,0,0,0,0
1,4.0,1,3873.36,1,5,4.0,4.0,44,2,2,2,0,1,0,0,0,1,0,1,0,0,1
1,2.0,3,3359.73,1,3,2.0,4.0,20,1,1,1,0,1,0,0,0,1,0,0,0,0,1
2,2.0,3,18208.49,1,3,2.0,2.0,35,1,1,2,0,0,0,0,0,1,0,0,1,0,0
2,3.0,3,10778.83,3,2,3.0,4.0,28,1,1,1,0,0,0,0,0,1,0,0,0,0,1
3,4.0,3,13501.75,1,4,4.0,2.0,25,1,1,1,0,1,0,0,0,0,0,1,0,0,1
-1,2.0,3,8349.5,4,4,2.0,3.0,20,1,1,1,0,0,0,0,0,1,0,0,0,0,1
2,4.0,3,7233.09,-1,5,4.0,4.0,36,1,1,2,0,0,0,0,0,0,1,0,0,0,1
3,1.0,3,3249.63,2,5,1.0,4.0,48,1,2,1,0,0,0,0,0,1,1,0,0,1,0
1,4.0,1,4198.33,1,5,4.0,3.0,30,2,1,2,0,0,0,0,0,1,0,1,0,0,1
-1,4.0,2,6761.33,3,2,4.0,2.0,41,1,2,1,0,0,1,0,0,0,0,1,0,1,0
2,4.0,5,5118.17,1,5,4.0,4.0,61,1,1,2,0,0,1,0,0,1,1,0,1,0,0
3,2.0,3,6098.34,1,2,2.0,3.0,25,1,1,1,0,1,0,0,0,1,0,1,0,1,0
1,4.0,1,1596.01,1,4,4.0,3.0,37,2,1,1,0,0,0,0,0,1,0,1,0,0,1
2,4.0,3,2916.83,1,3,4.0,4.0,26,1,2,1,0,1,0,0,0,1,0,1,0,1,0
1,3.0,4,5084.13,1,2,3.0,4.0,36,1,1,2,0,1,0,0,0,0,1,0,1,0,0
-1,1.0,2,25085.15,1,2,1.0,1.0,28,2,1,1,0,0,1,0,0,1,0,1,0,0,1
2,3.0,3,7123.0,1,3,3.0,4.0,20,1,1,2,0,0,0,0,0,1,0,0,0,1,0
-1,2.0,1,5422.17,-1,3,2.0,1.0,26,2,1,1,0,1,0,0,0,1,0,1,0,0,1
1,2.0,3,7626.18,1,4,2.0,1.0,34,1,1,2,0,0,0,0,0,1,1,0,1,0,0
2,4.0,1,2316.67,1,5,4.0,4.0,36,1,2,2,0,0,0,0,0,0,0,1,0,0,1
-1,3.0,1,9906.14,1,2,3.0,2.0,35,2,1,2,0,1,0,0,0,1,0,1,1,0,0
2,3.0,3,6895.01,2,3,3.0,2.0,25,1,1,1,0,0,0,1,0,1,0,1,0,1,0
3,2.0,3,10254.74,1,3,2.0,2.0,23,1,1,2,0,1,0,0,0,1,0,1,0,0,1
-1,2.0,2,11195.54,2,3,2.0,2.0,26,2,1,1,0,0,1,0,0,1,0,1,0,1,0
1,3.0,3,11289.9,1,2,3.0,4.0,24,1,1,1,0,0,1,0,0,1,0,0,0,0,1
2,4.0,4,9345.35,2,4,4.0,2.0,30,1,1,1,0,0,1,0,0,1,0,1,0,0,1
3,2.0,3,5044.82,1,3,2.0,2.0,26,1,1,1,0,1,0,0,0,1,0,1,0,0,1
2,2.0,3,10042.43,1,2,2.0,1.0,22,1,1,1,0,1,0,0,0,1,0,1,0,0,1
1,2.0,3,7851.55,-1,3,2.0,4.0,20,1,1,1,0,1,0,0,0,1,0,1,0,0,1
1,2.0,3,9408.24,1,3,2.0,2.0,29,1,2,1,0,1,0,0,0,1,0,1,0,1,0
2,4.0,3,3142.2,1,4,4.0,4.0,67,2,1,2,1,0,0,0,0,1,0,1,1,0,0
-1,4.0,1,1879.04,1,5,4.0,4.0,52,3,1,1,0,1,0,0,0,1,0,1,0,0,1
1,4.0,3,6035.45,1,5,4.0,1.0,45,1,1,1,0,0,0,0,0,1,0,1,0,0,1
1,4.0,3,1905.24,2,2,4.0,3.0,33,1,1,2,0,1,0,0,0,1,0,1,0,1,0
-1,3.0,3,16544.36,-1,5,3.0,4.0,41,1,2,2,0,0,0,0,0,1,0,1,1,0,0
-1,2.0,3,24312.0,-1,3,2.0,4.0,48,1,1,2,0,0,0,0,0,1,1,0,0,0,1
-1,3.0,3,4067.27,1,4,3.0,1.0,32,1,2,1,0,1,0,0,0,0,0,1,0,0,1
-1,2.0,3,3692.53,2,1,2.0,4.0,64,1,1,1,0,1,0,0,0,1,0,1,0,0,1
2,4.0,3,6247.7,1,2,4.0,1.0,33,1,1,1,0,0,0,1,0,1,0,0,0,1,0
2,4.0,3,23675.2,2,2,4.0,1.0,29,1,1,2,0,1,0,0,0,1,0,0,1,0,0
1,4.0,1,3226.05,4,5,4.0,4.0,57,2,1,2,0,1,0,0,0,1,0,0,1,0,0
1,2.0,1,7335.3,1,3,2.0,2.0,36,2,2,1,0,0,0,0,0,1,0,0,0,0,1
-1,4.0,5,1116.41,1,5,4.0,4.0,39,1,1,1,0,1,0,0,0,1,0,1,0,1,0
-1,3.0,2,7843.71,1,3,3.0,2.0,28,2,1,1,0,0,0,0,1,0,0,1,0,1,0
2,4.0,3,6625.09,1,2,4.0,1.0,32,1,2,2,0,0,1,0,0,1,0,1,0,0,1
